year,Procedure,Count,pct_cng
2014,Medical,2165,NA
2015,Medical,2222,2.632794457274827
2016,Medical,1919,-13.636363636363635
2017,Medical,2806,46.221990620114646
2018,Medical,3296,17.46258018531718
2019,Medical,3351,1.6686893203883495
2020,Medical,4252,26.887496269770217
2021,Medical,4791,12.676387582314206
