year,Procedure,Count,pct_cng
2014,Surgical,5953,NA
2015,Surgical,5735,-3.662019150008399
2016,Surgical,5358,-6.573670444638187
2017,Surgical,4972,-7.2041806644270245
2018,Surgical,4741,-4.646017699115045
2019,Surgical,4286,-9.597131406876185
2020,Surgical,3504,-18.245450303313113
2021,Surgical,3623,3.396118721461187
